{"irVersion":9,"opsetImport":[{"version":19}],"graph":{"name":"tail_graph","initializer":[{"name":"gpr_MatMulcst","dataType":1,"dims":[378],"floatData":[0.20655497908592224,0.18227307498455048,0.13622510433197021,0.11946170777082443,0.14859813451766968,0.19237536191940308,0.19840891659259796,0.13052572309970856,-0.01189264003187418,-0.18977110087871552,-0.32494017481803894,-0.3240528404712677,-0.14961686730384827,0.10250769555568695,0.22428792715072632,0.05975720286369324,-0.31531718373298645,-0.6036149859428406,-0.5254490971565247,-0.07181708514690399,0.47879335284233093,0.49843859672546387,0.32576918601989746,0.169865220785141,0.08791887015104294,0.09212972968816757,0.13841968774795532,0.15946383774280548,0.10790306329727173,-0.022347694262862206,-0.19310037791728973,-0.3239259123802185,-0.31739604473114014,-0.133292093873024,0.12934164702892303,0.25249192118644714,0.07025320082902908,-0.341137558221817,-0.6700040698051453,-0.617112934589386,-0.16261044144630432,0.41048699617385864,0.6066208481788635,0.39410799741744995,0.20166584849357605,0.0940028578042984,0.08531127870082855,0.1279347538948059,0.1491607278585434,0.0982271358370781,-0.031602270901203156,-0.2014489620923996,-0.32974106073379517,-0.31747686862945557,-0.12377369403839111,0.1490311324596405,0.2747240364551544,0.07915939390659332,-0.36164364218711853,-0.7249930500984192,-0.6957135200500488,-0.2440580129623413,0.34480780363082886,0.7056302428245544,0.45591413974761963,0.2292575091123581,0.09756381064653397,0.07708033174276352,0.11691556870937347,0.13933300971984863,0.09033258259296417,-0.037606529891490936,-0.20541587471961975,-0.3312665820121765,-0.31549862027168274,-0.11656562238931656,0.16173915565013885,0.28827717900276184,0.08315041661262512,-0.3786366283893585,-0.7676593065261841,-0.7577327489852905,-0.31124040484428406,0.28653058409690857,0.7914542555809021,0.5088959336280823,0.25170665979385376,0.09854140132665634,0.06782392412424088,0.10594622790813446,0.13066747784614563,0.08496104925870895,-0.03965386003255844,-0.20447273552417755,-0.32831868529319763,-0.3117859661579132,-0.11261098831892014,0.16597746312618256,0.29153117537498474,0.08123067766427994,-0.39166784286499023,-0.7956829071044922,-0.7992643117904663,-0.3595893681049347,0.23974892497062683,0.8600903153419495,0.5506222248077393,0.26795223355293274,0.09683102369308472,0.0579657182097435,0.09568288922309875,0.12390156090259552,0.08283955603837967,-0.037132930010557175,-0.1982433944940567,-0.32085463404655457,-0.3066915273666382,-0.11267878860235214,0.1606355756521225,0.2833065092563629,0.07265865057706833,-0.4004482626914978,-0.807374894618988,-0.8173428773880005,-0.3855006992816925,0.207822784781456,0.9083542227745056,0.5792135000228882,0.2772543728351593,0.09247542917728424,0.04795563593506813,0.08672173321247101,0.11964457482099533,0.08451127260923386,-0.02965199388563633,-0.18656696379184723,-0.308972030878067,-0.30053800344467163,-0.11725950241088867,0.14511366188526154,0.2629949152469635,0.05702924355864525,-0.4048635959625244,-0.8018178939819336,-0.8101978302001953,-0.38664424419403076,0.19309008121490479,0.9341119527816772,0.5934793949127197,0.27925118803977966,0.08566612750291824,0.0382404625415802,0.07955514639616013,0.11832822859287262,0.09028685837984085,-0.01707860454916954,-0.16951943933963776,-0.2929058074951172,-0.2935880422592163,-0.12650924921035767,0.11939786374568939,0.23063898086547852,0.034330710768699646,-0.4049736261367798,-0.7789473533630371,-0.7774156332015991,-0.36217477917671204,0.19666287302970886,0.9364333748817444,0.59300297498703,0.2739849388599396,0.0767316222190857,0.029233766719698906,0.07453573495149612,0.12017054110765457,0.10021241754293442,0.00043785973684862256,-0.1474214792251587,-0.2730199992656708,-0.28602319955825806,-0.14022190868854523,0.08409145474433899,0.18696478009223938,0.0049737440422177315,-0.4009990096092224,-0.7395704984664917,-0.7200008034706116,-0.3128259778022766,0.21832692623138428,0.9156525135040283,0.5781643986701965,0.26189589500427246,0.06611465662717819,0.02128874510526657,0.07185181975364685,0.12515658140182495,0.1140570342540741,0.022463060915470123,-0.1208312064409256,-0.24979431927204132,-0.2779347598552704,-0.15783312916755676,0.04039698466658592,0.13336215913295746,-0.030211592093110085,-0.3932964503765106,-0.6853196024894714,-0.6403258442878723,-0.24087609350681305,0.25655609369277954,0.8733278512954712,0.5501013398170471,0.2437846064567566,0.05434047430753708,0.014676344580948353,0.07151669263839722,0.13303785026073456,0.13132143020629883,0.04829476773738861,-0.09052219986915588,-0.2238071709871292,-0.269326776266098,-0.17845651507377625,-0.009950424544513226,0.07181292027235031,-0.07001236081123352,-0.3823259174823761,-0.6185436844825745,-0.5419750213623047,-0.14998751878738403,0.30864036083221436,0.812108039855957,0.5106108784675598,0.22074636816978455,0.04197904095053673,0.009570484980940819,0.0733722448348999,0.1433504968881607,0.15126720070838928,0.0769992545247078,-0.057447679340839386,-0.1957150250673294,-0.26013076305389404,-0.20094892382621765,-0.06479363888502121,0.0047716377303004265,-0.11290072649717331,-0.3686128854751587,-0.5421481728553772,-0.4294949173927307,-0.044934965670108795,0.3709142804145813,0.7355166077613831,0.462003231048584,0.1940845102071762,0.02960476279258728,0.006041449028998613,0.07710659503936768,0.1554504632949829,0.17296437919139862,0.10746446251869202,-0.022693144157528877,-0.1662292331457138,-0.2502298057079315,-0.22399871051311493,-0.12169831991195679,-0.06499096006155014,-0.1571281999349594,-0.3527098000049591,-0.45939770340919495,-0.30807551741600037,0.0687512457370758,0.4390626549720764,0.6476778388023376,0.40692126750946045,0.16521109640598297,0.01775733381509781,0.004057696554809809,0.08228341490030289,0.16856235265731812,0.1953531950712204,0.13846586644649506,0.012579604052007198,-0.1360906958580017,-0.23948855698108673,-0.24622802436351776,-0.1781190037727356,-0.1345684677362442,-0.20083831250667572,-0.33516058325767517,-0.3736991882324219,-0.18319101631641388,0.18519267439842224,0.508471667766571,0.5530103445053101,0.3481447994709015,0.13554465770721436,0.006907259579747915,0.003495508572086692,0.08838020265102386,0.1818375289440155,0.2173149734735489,0.16874012351036072,0.04719315841794014,-0.10604332387447357,-0.2277846783399582,-0.2662992477416992,-0.23157121241092682,-0.20110733807086945,-0.24218766391277313,-0.31647101044654846,-0.2883855402469635,-0.060233183205127716,0.29858237504959106,0.5745910406112671,0.4559181034564972,0.2883971929550171,0.10641422867774963,-0.002571122022345662,0.004155178554356098,0.09483146667480469,0.19441604614257812,0.23774610459804535,0.19706039130687714,0.08001579344272614,-0.07680711150169373,-0.21503832936286926,-0.28301528096199036,-0.2797943651676178,-0.2619868218898773,-0.2794647812843323,-0.2970869839191437,-0.20651651918888092,0.055830616503953934,0.4035781919956207,0.6332708597183228,0.3605036735534668,0.2301689088344574,0.07897566258907318,-0.010417955927550793,0.005784387234598398,0.10107988864183426,0.20549842715263367,0.25564202666282654,0.22231820225715637,0.11001954227685928,-0.04906805232167244,-0.20127172768115997,-0.2954576909542084,-0.32094863057136536,-0.3150121867656708,-0.31118157505989075,-0.27728646993637085,-0.1305283010005951,0.16099813580513,0.4958808422088623,0.68116295337677,0.2701805830001831,0.17504511773586273,0.05322592332959175,-0.017649469897150993,0.0071000223979353905,0.1063399463891983,0.21546925604343414,0.2729994058609009,0.24808856844902039,0.1415518969297409,-0.01943380758166313,-0.18650062382221222,-0.30962538719177246,-0.36874517798423767,-0.3811838924884796,-0.3614482879638672,-0.2747417092323303,-0.055796194821596146,0.3038291037082672,0.6929771900177002,0.9289644956588745],"int32Data":[],"stringData":[],"int64Data":[],"doubleData":[],"uint64Data":[],"externalData":[]},{"name":"gpr_Mulcst","dataType":1,"dims":[1],"floatData":[0.41773441433906555],"int32Data":[],"stringData":[],"int64Data":[],"doubleData":[],